{
  "model/models.js": 1681850474738,
  "controller/BaseController.js": 1681850474741,
  "utils/locate-reuse-libs.js": 1681850474738,
  "i18n/i18n.properties": 1681850474738,
  "model/formatter.js": 1681850474746,
  "controller/Worklist.controller.js": 1681850474743,
  "controller/Object.controller.js": 1681850474742,
  "controller/NotFound.controller.js": 1681850474741,
  "controller/ErrorHandler.js": 1681850474740,
  "manifest.json": 1681959440302,
  "controller/App.controller.js": 1681850474740,
  "Component.js": 1681850474737,
  "Component-preload.js": 1681959441489,
  "controller/ErrorHandler-dbg.js": 1681850474740,
  "model/models-dbg.js": 1681850474738,
  "model/formatter-dbg.js": 1681850474746,
  "controller/Worklist-dbg.controller.js": 1681850474743,
  "controller/Object-dbg.controller.js": 1681850474742,
  "controller/NotFound-dbg.controller.js": 1681850474741,
  "utils/locate-reuse-libs-dbg.js": 1681850474738,
  "controller/BaseController-dbg.js": 1681850474741,
  "controller/App-dbg.controller.js": 1681850474740,
  "Component-dbg.js": 1681850474737,
  "view/Worklist.view.xml": 1681850687626,
  "view/ObjectNotFound.view.xml": 1681850474754,
  "view/Object.view.xml": 1681850754991,
  "view/NotFound.view.xml": 1681850474749,
  "view/App.view.xml": 1681850474747,
  "index.html": 1681850474738
}